{
  "rice": {
    "nitrogen": {
      "min": 60.0,
      "max": 99.0,
      "mean": 79.89,
      "std": 11.917981491355103
    },
    "phosphorus": {
      "min": 35.0,
      "max": 60.0,
      "mean": 47.58,
      "std": 7.904965834744946
    },
    "potassium": {
      "min": 35.0,
      "max": 45.0,
      "mean": 39.87,
      "std": 2.9461668299502306
    },
    "temperature": {
      "min": 20.0454142,
      "max": 26.92995077,
      "mean": 23.6893322105,
      "std": 2.031271954371667
    },
    "humidity": {
      "min": 80.12267476,
      "max": 84.96907151,
      "mean": 82.27282153889999,
      "std": 1.418381159221309
    },
    "ph": {
      "min": 5.005306977,
      "max": 7.868474653,
      "mean": 6.425470922139999,
      "std": 0.7686920011810565
    },
    "rainfall": {
      "min": 182.5616319,
      "max": 298.5601175,
      "mean": 236.18111359399998,
      "std": 34.29182459221107
    }
  },
  "maize": {
    "nitrogen": {
      "min": 60.0,
      "max": 100.0,
      "mean": 77.76,
      "std": 11.94948965564233
    },
    "phosphorus": {
      "min": 35.0,
      "max": 60.0,
      "mean": 48.44,
      "std": 8.010498162291832
    },
    "potassium": {
      "min": 15.0,
      "max": 25.0,
      "mean": 19.79,
      "std": 2.9415003386748473
    },
    "temperature": {
      "min": 18.04185513,
      "max": 26.54986394,
      "mean": 22.389203910199996,
      "std": 2.6793596607331778
    },
    "humidity": {
      "min": 55.28220433,
      "max": 74.82913698,
      "mean": 65.0922494467,
      "std": 5.448698597665185
    },
    "ph": {
      "min": 5.513697923,
      "max": 6.995843776,
      "mean": 6.2451897224,
      "std": 0.41268128727999803
    },
    "rainfall": {
      "min": 60.65171481,
      "max": 109.7515385,
      "mean": 84.76698766300002,
      "std": 15.5473387178459
    }
  },
  "chickpea": {
    "nitrogen": {
      "min": 20.0,
      "max": 60.0,
      "mean": 40.09,
      "std": 12.150649481747172
    },
    "phosphorus": {
      "min": 55.0,
      "max": 80.0,
      "mean": 67.79,
      "std": 7.498545313471261
    },
    "potassium": {
      "min": 75.0,
      "max": 85.0,
      "mean": 79.92,
      "std": 3.261901286060018
    },
    "temperature": {
      "min": 17.02498456,
      "max": 20.99502153,
      "mean": 18.8728467519,
      "std": 1.1698377914373248
    },
    "humidity": {
      "min": 14.25803981,
      "max": 19.96978871,
      "mean": 16.8604394237,
      "std": 1.7119785494336006
    },
    "ph": {
      "min": 5.988992796,
      "max": 8.868741443,
      "mean": 7.33695662374,
      "std": 0.801126797598748
    },
    "rainfall": {
      "min": 65.11365631,
      "max": 94.78189594,
      "mean": 80.0589772605,
      "std": 7.944349989369927
    }
  },
  "kidneybeans": {
    "nitrogen": {
      "min": 0.0,
      "max": 40.0,
      "mean": 20.75,
      "std": 10.83426569414435
    },
    "phosphorus": {
      "min": 55.0,
      "max": 80.0,
      "mean": 67.54,
      "std": 7.57110402528034
    },
    "potassium": {
      "min": 15.0,
      "max": 25.0,
      "mean": 20.05,
      "std": 3.10221491417622
    },
    "temperature": {
      "min": 15.33042636,
      "max": 24.92360104,
      "mean": 20.1150846851,
      "std": 2.599572540490128
    },
    "humidity": {
      "min": 18.09224048,
      "max": 24.96969858,
      "mean": 21.605356729499995,
      "std": 2.1673233613639016
    },
    "ph": {
      "min": 5.502999119,
      "max": 5.99812453,
      "mean": 5.749410585869999,
      "std": 0.14521966486306637
    },
    "rainfall": {
      "min": 60.27552528,
      "max": 149.7441028,
      "mean": 105.91977754210002,
      "std": 26.111384374071736
    }
  },
  "pigeonpeas": {
    "nitrogen": {
      "min": 0.0,
      "max": 40.0,
      "mean": 20.73,
      "std": 11.849949921046633
    },
    "phosphorus": {
      "min": 55.0,
      "max": 80.0,
      "mean": 67.73,
      "std": 7.294463100132314
    },
    "potassium": {
      "min": 15.0,
      "max": 25.0,
      "mean": 20.29,
      "std": 2.815164562712367
    },
    "temperature": {
      "min": 18.31910448,
      "max": 36.97794384,
      "mean": 27.741762225899997,
      "std": 5.715681957316528
    },
    "humidity": {
      "min": 30.40046769,
      "max": 69.69141302,
      "mean": 48.0616330847,
      "std": 10.963658698382257
    },
    "ph": {
      "min": 4.548202098,
      "max": 7.445444883,
      "mean": 5.794174879789999,
      "std": 0.8302739883761486
    },
    "rainfall": {
      "min": 90.05422663,
      "max": 198.8298806,
      "mean": 149.45756381350003,
      "std": 32.98632092744225
    }
  },
  "mothbeans": {
    "nitrogen": {
      "min": 0.0,
      "max": 40.0,
      "mean": 21.44,
      "std": 11.343417973130114
    },
    "phosphorus": {
      "min": 35.0,
      "max": 60.0,
      "mean": 48.01,
      "std": 7.547151446042072
    },
    "potassium": {
      "min": 15.0,
      "max": 25.0,
      "mean": 20.23,
      "std": 3.047950130825634
    },
    "temperature": {
      "min": 24.01825377,
      "max": 31.99928579,
      "mean": 28.194920484199994,
      "std": 2.20966539672381
    },
    "humidity": {
      "min": 40.00933429,
      "max": 64.95585424,
      "mean": 53.16041802789999,
      "std": 6.994600415359221
    },
    "ph": {
      "min": 3.504752314,
      "max": 9.93509073,
      "mean": 6.83117408269,
      "std": 1.8621628667627972
    },
    "rainfall": {
      "min": 30.92014047,
      "max": 74.44330654,
      "mean": 51.198487045700006,
      "std": 13.750692670967247
    }
  },
  "mungbean": {
    "nitrogen": {
      "min": 0.0,
      "max": 40.0,
      "mean": 20.99,
      "std": 11.510640663527312
    },
    "phosphorus": {
      "min": 35.0,
      "max": 60.0,
      "mean": 47.28,
      "std": 7.870261120255801
    },
    "potassium": {
      "min": 15.0,
      "max": 25.0,
      "mean": 19.87,
      "std": 3.148368184031566
    },
    "temperature": {
      "min": 27.01470397,
      "max": 29.9145443,
      "mean": 28.5257747353,
      "std": 0.8415457499666631
    },
    "humidity": {
      "min": 80.03499648,
      "max": 89.99615558,
      "mean": 85.49997454300001,
      "std": 2.8513562351210213
    },
    "ph": {
      "min": 6.218923893,
      "max": 7.199495368,
      "mean": 6.72395694037,
      "std": 0.2865744216638047
    },
    "rainfall": {
      "min": 36.12042927,
      "max": 59.87232071,
      "mean": 48.403600902899996,
      "std": 7.11721416434977
    }
  },
  "blackgram": {
    "nitrogen": {
      "min": 20.0,
      "max": 60.0,
      "mean": 40.02,
      "std": 12.664258144219675
    },
    "phosphorus": {
      "min": 55.0,
      "max": 80.0,
      "mean": 67.47,
      "std": 7.151258983598975
    },
    "potassium": {
      "min": 15.0,
      "max": 25.0,
      "mean": 19.24,
      "std": 3.1881092208455475
    },
    "temperature": {
      "min": 25.09737391,
      "max": 34.9466155,
      "mean": 29.9733396789,
      "std": 2.6863573569379566
    },
    "humidity": {
      "min": 60.06534859,
      "max": 69.96100028,
      "mean": 65.1184255887,
      "std": 2.7983263355658283
    },
    "ph": {
      "min": 6.500144962,
      "max": 7.775306272,
      "mean": 7.133951629480002,
      "std": 0.3725332555250427
    },
    "rainfall": {
      "min": 60.41790253,
      "max": 74.91559514,
      "mean": 67.88415118319999,
      "std": 4.1841856895481575
    }
  },
  "lentil": {
    "nitrogen": {
      "min": 0.0,
      "max": 40.0,
      "mean": 18.77,
      "std": 12.196915490186338
    },
    "phosphorus": {
      "min": 55.0,
      "max": 80.0,
      "mean": 68.36,
      "std": 7.335426698460345
    },
    "potassium": {
      "min": 15.0,
      "max": 25.0,
      "mean": 19.41,
      "std": 2.9681644159311653
    },
    "temperature": {
      "min": 18.06486101,
      "max": 29.94413861,
      "mean": 24.509052402600002,
      "std": 3.3209846940816767
    },
    "humidity": {
      "min": 60.09116626,
      "max": 69.92375891,
      "mean": 64.80478467849998,
      "std": 2.93546107081744
    },
    "ph": {
      "min": 5.91645379,
      "max": 7.841496029,
      "mean": 6.927931571609999,
      "std": 0.5492655929922283
    },
    "rainfall": {
      "min": 35.03484812,
      "max": 54.9393771,
      "mean": 45.680454204,
      "std": 5.6329721745858174
    }
  },
  "pomegranate": {
    "nitrogen": {
      "min": 0.0,
      "max": 40.0,
      "mean": 18.87,
      "std": 12.6176523773304
    },
    "phosphorus": {
      "min": 5.0,
      "max": 30.0,
      "mean": 18.75,
      "std": 7.387369783842712
    },
    "potassium": {
      "min": 35.0,
      "max": 45.0,
      "mean": 40.21,
      "std": 3.0328004859994975
    },
    "temperature": {
      "min": 18.07132963,
      "max": 24.96273236,
      "mean": 21.837841721999997,
      "std": 2.206355498555086
    },
    "humidity": {
      "min": 85.12912161,
      "max": 94.99897537,
      "mean": 90.12550378950002,
      "std": 2.8257064867979835
    },
    "ph": {
      "min": 5.561851831,
      "max": 7.199504273,
      "mean": 6.4291718411700005,
      "std": 0.4915086744468756
    },
    "rainfall": {
      "min": 102.5184759,
      "max": 112.4750941,
      "mean": 107.52844239699999,
      "std": 2.8953392029071665
    }
  },
  "banana": {
    "nitrogen": {
      "min": 80.0,
      "max": 120.0,
      "mean": 100.23,
      "std": 11.107241245278148
    },
    "phosphorus": {
      "min": 70.0,
      "max": 95.0,
      "mean": 82.01,
      "std": 7.6903389477521165
    },
    "potassium": {
      "min": 45.0,
      "max": 55.0,
      "mean": 50.05,
      "std": 3.3825906036526487
    },
    "temperature": {
      "min": 25.01018457,
      "max": 29.90888522,
      "mean": 27.3767983057,
      "std": 1.4283590211848067
    },
    "humidity": {
      "min": 75.03193255,
      "max": 84.97849241,
      "mean": 80.3581225811,
      "std": 2.8054808335375014
    },
    "ph": {
      "min": 5.505393833,
      "max": 6.490074429,
      "mean": 5.98389318024,
      "std": 0.270649832819671
    },
    "rainfall": {
      "min": 90.10978128,
      "max": 119.84797,
      "mean": 104.62698040009998,
      "std": 9.398149573198246
    }
  },
  "mango": {
    "nitrogen": {
      "min": 0.0,
      "max": 40.0,
      "mean": 20.07,
      "std": 12.329036925695029
    },
    "phosphorus": {
      "min": 15.0,
      "max": 40.0,
      "mean": 27.18,
      "std": 7.6638730087958455
    },
    "potassium": {
      "min": 25.0,
      "max": 35.0,
      "mean": 29.92,
      "std": 3.0966909677097183
    },
    "temperature": {
      "min": 27.00315545,
      "max": 35.99009679,
      "mean": 31.2087701513,
      "std": 2.6538577400873624
    },
    "humidity": {
      "min": 45.02236377,
      "max": 54.9640534,
      "mean": 50.1565726953,
      "std": 2.7562849325094296
    },
    "ph": {
      "min": 4.507523551,
      "max": 6.967417766,
      "mean": 5.766372799660001,
      "std": 0.7036545661204942
    },
    "rainfall": {
      "min": 89.29147581,
      "max": 100.8124659,
      "mean": 94.70451504479999,
      "std": 3.338577329025856
    }
  },
  "grapes": {
    "nitrogen": {
      "min": 0.0,
      "max": 40.0,
      "mean": 23.18,
      "std": 12.466828713903876
    },
    "phosphorus": {
      "min": 120.0,
      "max": 145.0,
      "mean": 132.53,
      "std": 7.619028544348417
    },
    "potassium": {
      "min": 195.0,
      "max": 205.0,
      "mean": 200.11,
      "std": 3.265661564606084
    },
    "temperature": {
      "min": 8.825674745,
      "max": 41.94865736,
      "mean": 23.849575120049998,
      "std": 9.73864872199479
    },
    "humidity": {
      "min": 80.01639435,
      "max": 83.98351748,
      "mean": 81.87522752119999,
      "std": 1.1771112497394791
    },
    "ph": {
      "min": 5.510924849,
      "max": 6.499604931,
      "mean": 6.025936681099998,
      "std": 0.2982654359447701
    },
    "rainfall": {
      "min": 65.01095312,
      "max": 74.91506217,
      "mean": 69.611828886,
      "std": 2.9517589946366787
    }
  },
  "watermelon": {
    "nitrogen": {
      "min": 80.0,
      "max": 120.0,
      "mean": 99.42,
      "std": 12.565127307052018
    },
    "phosphorus": {
      "min": 5.0,
      "max": 30.0,
      "mean": 17.0,
      "std": 7.535773270731995
    },
    "potassium": {
      "min": 45.0,
      "max": 55.0,
      "mean": 50.22,
      "std": 3.2646870934565566
    },
    "temperature": {
      "min": 24.04355803,
      "max": 26.98603693,
      "mean": 25.591767237499997,
      "std": 0.850124476033495
    },
    "humidity": {
      "min": 80.02621335,
      "max": 89.98405233,
      "mean": 85.1603752936,
      "std": 2.9566030977788897
    },
    "ph": {
      "min": 6.000975617,
      "max": 6.956508826,
      "mean": 6.495778301569998,
      "std": 0.28141965458979934
    },
    "rainfall": {
      "min": 40.12650421,
      "max": 59.75980023,
      "mean": 50.7862189449,
      "std": 5.867006297410036
    }
  },
  "muskmelon": {
    "nitrogen": {
      "min": 80.0,
      "max": 120.0,
      "mean": 100.32,
      "std": 12.17621460143513
    },
    "phosphorus": {
      "min": 5.0,
      "max": 30.0,
      "mean": 17.72,
      "std": 7.187362646908936
    },
    "potassium": {
      "min": 45.0,
      "max": 55.0,
      "mean": 50.08,
      "std": 3.2182560055364955
    },
    "temperature": {
      "min": 27.02415146,
      "max": 29.94349168,
      "mean": 28.663065755999995,
      "std": 0.8612952828347414
    },
    "humidity": {
      "min": 90.01506395,
      "max": 94.96218673,
      "mean": 92.34280196090002,
      "std": 1.5051167915529053
    },
    "ph": {
      "min": 6.002927293,
      "max": 6.781050373,
      "mean": 6.358805451789998,
      "std": 0.2315230186978067
    },
    "rainfall": {
      "min": 20.21126747,
      "max": 29.86681385,
      "mean": 24.689952066,
      "std": 2.773999240744889
    }
  },
  "apple": {
    "nitrogen": {
      "min": 0.0,
      "max": 40.0,
      "mean": 20.8,
      "std": 11.863704090522265
    },
    "phosphorus": {
      "min": 120.0,
      "max": 145.0,
      "mean": 134.22,
      "std": 8.139664699122527
    },
    "potassium": {
      "min": 195.0,
      "max": 205.0,
      "mean": 199.89,
      "std": 3.32087064159112
    },
    "temperature": {
      "min": 21.0365275,
      "max": 23.99686172,
      "mean": 22.6309424132,
      "std": 0.8274035169796882
    },
    "humidity": {
      "min": 90.02575116,
      "max": 94.92048112,
      "mean": 92.33338287560002,
      "std": 1.4585509882538166
    },
    "ph": {
      "min": 5.514253142,
      "max": 6.499226821,
      "mean": 5.929662931809999,
      "std": 0.26893158295169534
    },
    "rainfall": {
      "min": 100.1173443,
      "max": 124.9831618,
      "mean": 112.65477927500002,
      "std": 7.1029853907180645
    }
  },
  "orange": {
    "nitrogen": {
      "min": 0.0,
      "max": 40.0,
      "mean": 19.58,
      "std": 11.941930202848154
    },
    "phosphorus": {
      "min": 5.0,
      "max": 30.0,
      "mean": 16.55,
      "std": 7.691494712283881
    },
    "potassium": {
      "min": 5.0,
      "max": 15.0,
      "mean": 10.01,
      "std": 3.0566866593312003
    },
    "temperature": {
      "min": 10.01081312,
      "max": 34.90665289,
      "mean": 22.7657254967,
      "std": 7.342534865875135
    },
    "humidity": {
      "min": 90.00621688,
      "max": 94.96419851,
      "mean": 92.17020876340001,
      "std": 1.430342527132013
    },
    "ph": {
      "min": 6.010391864,
      "max": 7.995848977,
      "mean": 7.01695745276,
      "std": 0.5763209790112259
    },
    "rainfall": {
      "min": 100.1737964,
      "max": 119.6946577,
      "mean": 110.47496871999999,
      "std": 5.717125230460411
    }
  },
  "papaya": {
    "nitrogen": {
      "min": 31.0,
      "max": 70.0,
      "mean": 49.88,
      "std": 12.219606699022185
    },
    "phosphorus": {
      "min": 46.0,
      "max": 70.0,
      "mean": 59.05,
      "std": 7.057305119913376
    },
    "potassium": {
      "min": 45.0,
      "max": 55.0,
      "mean": 50.04,
      "std": 3.097473718103744
    },
    "temperature": {
      "min": 23.0124018,
      "max": 43.67549305,
      "mean": 33.7238587388,
      "std": 6.263022161747567
    },
    "humidity": {
      "min": 90.03863107,
      "max": 94.94482086,
      "mean": 92.40338768259998,
      "std": 1.4204458059328464
    },
    "ph": {
      "min": 6.501521192,
      "max": 6.993473247,
      "mean": 6.74144237274,
      "std": 0.1473505883300901
    },
    "rainfall": {
      "min": 40.35153141,
      "max": 248.8592986,
      "mean": 142.6278388629,
      "std": 64.39657725138787
    }
  },
  "coconut": {
    "nitrogen": {
      "min": 0.0,
      "max": 40.0,
      "mean": 21.98,
      "std": 11.761931401901233
    },
    "phosphorus": {
      "min": 5.0,
      "max": 30.0,
      "mean": 16.93,
      "std": 8.357244483293243
    },
    "potassium": {
      "min": 25.0,
      "max": 35.0,
      "mean": 30.59,
      "std": 2.9986360535780565
    },
    "temperature": {
      "min": 25.00872392,
      "max": 29.8690834,
      "mean": 27.409892172299998,
      "std": 1.385734451504842
    },
    "humidity": {
      "min": 90.01734526,
      "max": 99.98187601,
      "mean": 94.84427180609998,
      "std": 2.686329027465909
    },
    "ph": {
      "min": 5.50158009,
      "max": 6.470465614,
      "mean": 5.97656212619,
      "std": 0.28763244089824674
    },
    "rainfall": {
      "min": 131.0900076,
      "max": 225.6323656,
      "mean": 175.68664580399997,
      "std": 29.472332604186622
    }
  },
  "cotton": {
    "nitrogen": {
      "min": 100.0,
      "max": 140.0,
      "mean": 117.77,
      "std": 11.628817392125217
    },
    "phosphorus": {
      "min": 35.0,
      "max": 60.0,
      "mean": 46.24,
      "std": 7.348634175302527
    },
    "potassium": {
      "min": 15.0,
      "max": 25.0,
      "mean": 19.56,
      "std": 3.169679587413953
    },
    "temperature": {
      "min": 22.00085141,
      "max": 25.99237426,
      "mean": 23.988957895200006,
      "std": 1.135681479912332
    },
    "humidity": {
      "min": 75.00539324,
      "max": 84.87668973,
      "mean": 79.8434742538,
      "std": 3.050955248540687
    },
    "ph": {
      "min": 5.801047545,
      "max": 7.994679507,
      "mean": 6.91267549578,
      "std": 0.6271695156348296
    },
    "rainfall": {
      "min": 60.65381719,
      "max": 99.93100821,
      "mean": 80.3980431193,
      "std": 11.231811519202921
    }
  },
  "jute": {
    "nitrogen": {
      "min": 60.0,
      "max": 100.0,
      "mean": 78.4,
      "std": 10.968273806895517
    },
    "phosphorus": {
      "min": 35.0,
      "max": 60.0,
      "mean": 46.86,
      "std": 7.195705790134962
    },
    "potassium": {
      "min": 35.0,
      "max": 45.0,
      "mean": 39.99,
      "std": 3.313562579716425
    },
    "temperature": {
      "min": 23.09433785,
      "max": 26.98582182,
      "mean": 24.958375826499996,
      "std": 1.185138311343944
    },
    "humidity": {
      "min": 70.88259632,
      "max": 89.89106506,
      "mean": 79.6398642063,
      "std": 5.507797617052861
    },
    "ph": {
      "min": 6.002524871,
      "max": 7.488014404,
      "mean": 6.7327775681699995,
      "std": 0.4463492309437702
    },
    "rainfall": {
      "min": 150.2355238,
      "max": 199.8362913,
      "mean": 174.792797536,
      "std": 15.078367148443295
    }
  },
  "coffee": {
    "nitrogen": {
      "min": 80.0,
      "max": 120.0,
      "mean": 101.2,
      "std": 12.345203133364814
    },
    "phosphorus": {
      "min": 15.0,
      "max": 40.0,
      "mean": 28.74,
      "std": 7.2761128483427315
    },
    "potassium": {
      "min": 25.0,
      "max": 35.0,
      "mean": 29.94,
      "std": 3.2468166227580797
    },
    "temperature": {
      "min": 23.05951896,
      "max": 27.92374437,
      "mean": 25.5404768193,
      "std": 1.5026350758507527
    },
    "humidity": {
      "min": 50.04557009,
      "max": 69.94807345,
      "mean": 58.86984630029999,
      "std": 5.838565891159534
    },
    "ph": {
      "min": 6.020947179,
      "max": 7.493191968,
      "mean": 6.790308274570001,
      "std": 0.41713247020565897
    },
    "rainfall": {
      "min": 115.1564012,
      "max": 199.4735636,
      "mean": 158.066294882,
      "std": 25.695085695484735
    }
  }
}